{"1": {"Godfather, The (1972)": ["Godfather: Part II, The (1974)"], "Die Hard (1988)": ["Die Hard 2 (1990)"], "Three Colors: Red (1994)": ["Three Colors: White (1994)"]}, "2": {}, "3": {}, "4": {}, "5": {"Jaws 3-D (1983)": ["Jaws (1975)", "Jaws 2 (1978)"], "Jaws (1975)": ["Jaws 2 (1978)"], "Die Hard 2 (1990)": ["Die Hard (1988)"]}, "6": {"Sabrina (1995)": ["Sabrina (1954)"], "Devil's Own, The (1997)": ["Devil's Advocate, The (1997)"]}, "7": {"Sabrina (1954)": ["Sabrina (1995)"], "Die Hard (1988)": ["Die Hard 2 (1990)"]}, "8": {}, "9": {}, "10": {"Sabrina (1954)": ["Sabrina (1995)"]}, "11": {}, "12": {}, "13": {"Father of the Bride Part II (1995)": ["Father of the Bride (1950)"], "Godfather: Part II, The (1974)": ["Godfather, The (1972)"], "Blues Brothers, The (1980)": ["Blues Brothers 2000 (1998)"], "Three Colors: Red (1994)": ["Three Colors: White (1994)"], "Scream (1996)": ["Screamers (1995)"], "Jaws 3-D (1983)": ["Jaws (1975)"], "Phantom, The (1996)": ["Phantoms (1998)"], "Die Hard (1988)": ["Die Hard 2 (1990)"], "Sabrina (1995)": ["Sabrina (1954)"]}, "14": {}, "15": {"Scream (1996)": ["Scream 2 (1997)"], "Jaws 3-D (1983)": ["Jaws (1975)"]}, "16": {}, "17": {}, "18": {"Sabrina (1995)": ["Sabrina (1954)"], "Dead Man Walking (1995)": ["Dead Man (1995)"]}, "19": {}, "20": {}, "21": {"Scream (1996)": ["Scream 2 (1997)"]}, "22": {}, "23": {"Die Hard (1988)": ["Die Hard 2 (1990)"]}, "24": {}, "25": {}, "26": {"Jaws 3-D (1983)": ["Jaws (1975)"]}, "27": {}, "28": {"Die Hard 2 (1990)": ["Die Hard (1988)"]}, "29": {}, "30": {}, "31": {}, "32": {}, "33": {}, "34": {}, "35": {}, "36": {}, "37": {}, "38": {}, "39": {}, "40": {}, "41": {}, "42": {}, "43": {}, "44": {}, "45": {}, "46": {}, "47": {}, "48": {}, "49": {"Jaws 3-D (1983)": ["Jaws (1975)"]}, "50": {}, "51": {}, "52": {}, "53": {}, "54": {}, "55": {}, "56": {}, "57": {}, "58": {}, "59": {"Three Colors: White (1994)": ["Three Colors: Red (1994)"]}, "60": {"Three Colors: Red (1994)": ["Three Colors: White (1994)"]}, "61": {}, "62": {"Dead Man Walking (1995)": ["Dead Man (1995)"], "Jaws 3-D (1983)": ["Jaws (1975)"], "Godfather: Part II, The (1974)": ["Godfather, The (1972)"]}, "63": {}, "64": {}, "65": {}, "66": {}, "67": {}, "68": {}, "69": {}, "70": {}, "71": {}, "72": {}, "73": {}, "74": {}, "75": {}, "76": {"Three Colors: Red (1994)": ["Three Colors: White (1994)"]}, "77": {}, "78": {}, "79": {}, "80": {}, "81": {}, "82": {"Jaws 3-D (1983)": ["Jaws (1975)"], "Screamers (1995)": ["Scream (1996)"]}, "83": {}, "84": {}, "85": {"Home Alone 3 (1997)": ["Home Alone (1990)"], "Sabrina (1995)": ["Sabrina (1954)"]}, "86": {}, "87": {"Godfather: Part II, The (1974)": ["Godfather, The (1972)"]}, "88": {}, "89": {}, "90": {"Sabrina (1995)": ["Sabrina (1954)"]}, "91": {}, "92": {"Scream 2 (1997)": ["Scream (1996)"], "Jaws (1975)": ["Jaws 3-D (1983)"], "Die Hard 2 (1990)": ["Die Hard (1988)"], "Grease (1978)": ["Grease 2 (1982)"]}, "93": {}, "94": {"Jaws 3-D (1983)": ["Jaws (1975)"]}, "95": {"Godfather, The (1972)": ["Godfather: Part II, The (1974)"]}, "96": {}, "97": {}, "98": {}, "99": {}, "100": {}, "101": {}, "102": {"Blues Brothers, The (1980)": ["Blues Brothers 2000 (1998)"]}, "103": {}, "104": {}, "105": {}, "106": {}, "107": {}, "108": {}, "109": {"Home Alone 3 (1997)": ["Home Alone (1990)"]}, "110": {}, "111": {}, "112": {}, "113": {}, "114": {}, "115": {"Dead Man (1995)": ["Dead Man Walking (1995)"]}, "116": {}, "117": {}, "118": {}, "119": {"Jaws 3-D (1983)": ["Jaws (1975)"]}, "120": {}, "121": {}, "122": {}, "123": {}, "124": {}, "125": {"Jaws 3-D (1983)": ["Jaws (1975)"]}, "126": {}, "127": {}, "128": {}, "129": {}, "130": {"Jaws (1975)": ["Jaws 3-D (1983)"], "Young Guns (1988)": ["Young Guns II (1990)"], "Godfather, The (1972)": ["Godfather: Part II, The (1974)"]}, "131": {}, "132": {}, "133": {}, "134": {}, "135": {}, "136": {}, "137": {}, "138": {}, "139": {}, "140": {}, "141": {}, "142": {}, "143": {}, "144": {"Jaws 3-D (1983)": ["Jaws (1975)", "Jaws 2 (1978)"], "Jaws (1975)": ["Jaws 2 (1978)"], "Three Colors: Red (1994)": ["Three Colors: White (1994)"]}, "145": {"Jaws (1975)": ["Jaws 2 (1978)"], "Scream 2 (1997)": ["Screamers (1995)"], "Devil's Advocate, The (1997)": ["Devil's Own, The (1997)"]}, "146": {}, "147": {}, "148": {}, "149": {}, "150": {}, "151": {"Dead Man Walking (1995)": ["Dead Man (1995)"], "Sabrina (1995)": ["Sabrina (1954)"], "Kicking and Screaming (1995)": ["Screamers (1995)"]}, "152": {}, "153": {}, "154": {}, "155": {}, "156": {}, "157": {}, "158": {"Jaws 3-D (1983)": ["Jaws (1975)"], "Godfather, The (1972)": ["Godfather: Part II, The (1974)"]}, "159": {}, "160": {"Dead Man Walking (1995)": ["Dead Man (1995)"], "Three Colors: Red (1994)": ["Three Colors: White (1994)"]}, "161": {}, "162": {}, "163": {}, "164": {}, "165": {}, "166": {}, "167": {}, "168": {}, "169": {}, "170": {}, "171": {}, "172": {}, "173": {}, "174": {}, "175": {}, "176": {}, "177": {}, "178": {"Jaws (1975)": ["Jaws 3-D (1983)", "Jaws 2 (1978)"], "Blues Brothers 2000 (1998)": ["Blues Brothers, The (1980)"], "Jaws 3-D (1983)": ["Jaws 2 (1978)"]}, "179": {}, "180": {}, "181": {"Scream (1996)": ["Scream 2 (1997)"], "Primal Fear (1996)": ["Fear (1996)"], "Jaws 3-D (1983)": ["Jaws (1975)"], "Dead Man Walking (1995)": ["Dead Man (1995)"]}, "182": {}, "183": {}, "184": {}, "185": {}, "186": {"Scream 2 (1997)": ["Screamers (1995)"]}, "187": {}, "188": {}, "189": {"Dead Man Walking (1995)": ["Dead Man (1995)"], "Three Colors: Red (1994)": ["Three Colors: White (1994)"]}, "190": {}, "191": {}, "192": {}, "193": {}, "194": {"Screamers (1995)": ["Scream (1996)"]}, "195": {"Three Colors: White (1994)": ["Three Colors: Red (1994)"]}, "196": {}, "197": {"Scream (1996)": ["Screamers (1995)"]}, "198": {"Godfather: Part II, The (1974)": ["Godfather, The (1972)"]}, "199": {}, "200": {"Jaws 3-D (1983)": ["Jaws (1975)"], "Home Alone 3 (1997)": ["Home Alone (1990)"]}, "201": {"Scream (1996)": ["Screamers (1995)"], "Godfather, The (1972)": ["Godfather: Part II, The (1974)"], "Three Colors: Red (1994)": ["Three Colors: White (1994)"], "Jaws 2 (1978)": ["Jaws 3-D (1983)"], "Die Hard (1988)": ["Die Hard 2 (1990)"]}, "202": {}, "203": {}, "204": {}, "205": {}, "206": {}, "207": {"Some Folks Call It a Sling Blade (1993)": ["Sling Blade (1996)"]}, "208": {}, "209": {}, "210": {}, "211": {}, "212": {}, "213": {"Jaws 3-D (1983)": ["Jaws (1975)"]}, "214": {}, "215": {}, "216": {}, "217": {}, "218": {}, "219": {}, "220": {}, "221": {}, "222": {"Die Hard (1988)": ["Die Hard 2 (1990)"]}, "223": {}, "224": {}, "225": {}, "226": {}, "227": {}, "228": {}, "229": {}, "230": {}, "231": {}, "232": {}, "233": {}, "234": {"Scream (1996)": ["Scream 2 (1997)", "Screamers (1995)"], "Scream 2 (1997)": ["Screamers (1995)"]}, "235": {}, "236": {}, "237": {}, "238": {}, "239": {}, "240": {}, "241": {}, "242": {}, "243": {}, "244": {"Jaws 3-D (1983)": ["Jaws (1975)"]}, "245": {}, "246": {"Die Hard 2 (1990)": ["Die Hard (1988)"]}, "247": {}, "248": {}, "249": {"Jaws (1975)": ["Jaws 3-D (1983)"]}, "250": {}, "251": {}, "252": {}, "253": {}, "254": {}, "255": {}, "256": {"Blues Brothers 2000 (1998)": ["Blues Brothers, The (1980)"]}, "257": {"Three Colors: Red (1994)": ["Three Colors: White (1994)"]}, "258": {}, "259": {}, "260": {}, "261": {}, "262": {}, "263": {}, "264": {}, "265": {}, "266": {}, "267": {"Jaws 3-D (1983)": ["Jaws (1975)"], "Godfather: Part II, The (1974)": ["Godfather, The (1972)"], "Die Hard (1988)": ["Die Hard 2 (1990)"]}, "268": {"Three Colors: Red (1994)": ["Three Colors: White (1994)"], "Godfather: Part II, The (1974)": ["Godfather, The (1972)"], "Die Hard 2 (1990)": ["Die Hard (1988)"], "Jaws 3-D (1983)": ["Jaws (1975)"], "Grease 2 (1982)": ["Grease (1978)"]}, "269": {}, "270": {}, "271": {}, "272": {}, "273": {}, "274": {}, "275": {}, "276": {"Jaws 3-D (1983)": ["Jaws (1975)"], "Godfather, The (1972)": ["Godfather: Part II, The (1974)"], "Die Hard (1988)": ["Die Hard 2 (1990)"], "Grease 2 (1982)": ["Grease (1978)"], "Screamers (1995)": ["Scream (1996)"]}, "277": {}, "278": {}, "279": {"Three Colors: White (1994)": ["Three Colors: Red (1994)"], "Jaws 3-D (1983)": ["Jaws (1975)"]}, "280": {"Die Hard 2 (1990)": ["Die Hard (1988)"]}, "281": {}, "282": {}, "283": {}, "284": {}, "285": {}, "286": {"Jaws (1975)": ["Jaws 3-D (1983)"]}, "287": {"Dead Man (1995)": ["Dead Man Walking (1995)"]}, "288": {}, "289": {}, "290": {}, "291": {"Jaws (1975)": ["Jaws 3-D (1983)"], "Twister (1996)": ["Twisted (1996)"], "Home Alone 3 (1997)": ["Home Alone (1990)"], "Godfather, The (1972)": ["Godfather: Part II, The (1974)"]}, "292": {}, "293": {"Home Alone 3 (1997)": ["Home Alone (1990)"], "Jaws (1975)": ["Jaws 3-D (1983)"]}, "294": {"Jaws 3-D (1983)": ["Jaws (1975)"]}, "295": {}, "296": {}, "297": {"Jaws 3-D (1983)": ["Jaws (1975)"]}, "298": {}, "299": {"Sabrina (1995)": ["Sabrina (1954)"], "Three Colors: Red (1994)": ["Three Colors: White (1994)"]}, "300": {}, "301": {"Jaws (1975)": ["Jaws 3-D (1983)"], "Blues Brothers, The (1980)": ["Blues Brothers 2000 (1998)"], "Die Hard 2 (1990)": ["Die Hard (1988)"]}, "302": {}, "303": {"Blues Brothers, The (1980)": ["Blues Brothers 2000 (1998)"], "Dead Man Walking (1995)": ["Dead Man (1995)"], "Jaws 3-D (1983)": ["Jaws (1975)"], "Die Hard 2 (1990)": ["Die Hard (1988)"]}, "304": {}, "305": {"Scream (1996)": ["Screamers (1995)"], "Three Colors: Red (1994)": ["Three Colors: White (1994)"]}, "306": {}, "307": {"Die Hard (1988)": ["Die Hard 2 (1990)"]}, "308": {"Sabrina (1954)": ["Sabrina (1995)"], "Three Colors: Red (1994)": ["Three Colors: White (1994)"], "Jaws 3-D (1983)": ["Jaws (1975)"]}, "309": {}, "310": {}, "311": {}, "312": {"Sabrina (1954)": ["Sabrina (1995)"]}, "313": {}, "314": {"Mother Night (1996)": ["Big Night (1996)"], "Home Alone 3 (1997)": ["Home Alone (1990)"]}, "315": {}, "316": {}, "317": {}, "318": {"Mother Night (1996)": ["Big Night (1996)"]}, "319": {}, "320": {}, "321": {"Three Colors: Red (1994)": ["Three Colors: White (1994)"]}, "322": {}, "323": {}, "324": {}, "325": {}, "326": {}, "327": {"Dead Man (1995)": ["Dead Man Walking (1995)"]}, "328": {}, "329": {}, "330": {}, "331": {}, "332": {}, "333": {}, "334": {"Sabrina (1995)": ["Sabrina (1954)"], "Three Colors: Red (1994)": ["Three Colors: White (1994)"]}, "335": {}, "336": {}, "337": {}, "338": {"Sabrina (1995)": ["Sabrina (1954)"]}, "339": {"Die Hard 2 (1990)": ["Die Hard (1988)"]}, "340": {}, "341": {}, "342": {"Dead Man Walking (1995)": ["Dead Man (1995)"]}, "343": {}, "344": {}, "345": {}, "346": {"Blues Brothers, The (1980)": ["Blues Brothers 2000 (1998)"], "Godfather: Part II, The (1974)": ["Godfather, The (1972)"]}, "347": {"Jaws 3-D (1983)": ["Jaws (1975)"], "Blues Brothers 2000 (1998)": ["Blues Brothers, The (1980)"]}, "348": {}, "349": {}, "350": {}, "351": {}, "352": {}, "353": {}, "354": {"Devil's Advocate, The (1997)": ["Devil's Own, The (1997)"], "Three Colors: White (1994)": ["Three Colors: Red (1994)"]}, "355": {}, "356": {}, "357": {"Jaws 3-D (1983)": ["Jaws (1975)"]}, "358": {}, "359": {}, "360": {}, "361": {}, "362": {}, "363": {"Godfather, The (1972)": ["Godfather: Part II, The (1974)"], "Jaws 3-D (1983)": ["Jaws (1975)"], "Die Hard 2 (1990)": ["Die Hard (1988)"]}, "364": {}, "365": {}, "366": {}, "367": {}, "368": {}, "369": {}, "370": {}, "371": {}, "372": {}, "373": {"Sabrina (1954)": ["Sabrina (1995)"]}, "374": {"Scream (1996)": ["Scream 2 (1997)", "Screamers (1995)"], "Dead Man Walking (1995)": ["Dead Man (1995)"], "Jaws (1975)": ["Jaws 2 (1978)"], "Scream 2 (1997)": ["Screamers (1995)"]}, "375": {}, "376": {}, "377": {}, "378": {"Home Alone 3 (1997)": ["Home Alone (1990)"]}, "379": {}, "380": {"Three Colors: White (1994)": ["Three Colors: Red (1994)"]}, "381": {}, "382": {}, "383": {}, "384": {}, "385": {"Jaws 3-D (1983)": ["Jaws (1975)"], "Three Colors: White (1994)": ["Three Colors: Red (1994)"]}, "386": {}, "387": {}, "388": {}, "389": {"Sabrina (1995)": ["Sabrina (1954)"]}, "390": {}, "391": {"Three Colors: Red (1994)": ["Three Colors: White (1994)"]}, "392": {}, "393": {"Free Willy 3: The Rescue (1997)": ["Free Willy (1993)"], "Home Alone 3 (1997)": ["Home Alone (1990)"], "Mother Night (1996)": ["Big Night (1996)"], "Die Hard 2 (1990)": ["Die Hard (1988)"]}, "394": {}, "395": {}, "396": {}, "397": {}, "398": {}, "399": {"Home Alone 3 (1997)": ["Home Alone (1990)"], "Free Willy 3: The Rescue (1997)": ["Free Willy (1993)"], "Jaws (1975)": ["Jaws 3-D (1983)", "Jaws 2 (1978)"], "Jaws 3-D (1983)": ["Jaws 2 (1978)"], "Godfather, The (1972)": ["Godfather: Part II, The (1974)"], "Young Guns (1988)": ["Young Guns II (1990)"]}, "400": {}, "401": {}, "402": {"Jaws 3-D (1983)": ["Jaws (1975)"]}, "403": {}, "404": {}, "405": {"Kicking and Screaming (1995)": ["Screamers (1995)"], "Grease 2 (1982)": ["Grease (1978)"], "Young Guns II (1990)": ["Young Guns (1988)"], "Mortal Kombat (1995)": ["Mortal Kombat: Annihilation (1997)"], "Three Colors: Red (1994)": ["Three Colors: White (1994)"]}, "406": {"Sabrina (1954)": ["Sabrina (1995)"]}, "407": {"Jaws (1975)": ["Jaws 3-D (1983)"]}, "408": {}, "409": {"Three Colors: Red (1994)": ["Three Colors: White (1994)"]}, "410": {}, "411": {}, "412": {}, "413": {}, "414": {}, "415": {}, "416": {"Scream (1996)": ["Screamers (1995)"], "Phantom, The (1996)": ["Phantoms (1998)"], "Home Alone (1990)": ["Home Alone 3 (1997)"]}, "417": {}, "418": {}, "419": {"Sabrina (1995)": ["Sabrina (1954)"]}, "420": {}, "421": {}, "422": {}, "423": {}, "424": {}, "425": {"Blues Brothers, The (1980)": ["Blues Brothers 2000 (1998)"], "Die Hard 2 (1990)": ["Die Hard (1988)"]}, "426": {}, "427": {}, "428": {}, "429": {"Godfather, The (1972)": ["Godfather: Part II, The (1974)"], "Jaws 3-D (1983)": ["Jaws (1975)"]}, "430": {}, "431": {}, "432": {}, "433": {}, "434": {}, "435": {"Godfather: Part II, The (1974)": ["Godfather, The (1972)"], "Jaws 3-D (1983)": ["Jaws (1975)"]}, "436": {}, "437": {}, "438": {}, "439": {}, "440": {}, "441": {}, "442": {}, "443": {}, "444": {}, "445": {}, "446": {}, "447": {"Dead Man Walking (1995)": ["Dead Man (1995)"]}, "448": {}, "449": {"Primal Fear (1996)": ["Fear (1996)"], "Three Colors: Red (1994)": ["Three Colors: White (1994)"]}, "450": {"Sabrina (1954)": ["Sabrina (1995)"], "Three Colors: Red (1994)": ["Three Colors: White (1994)"], "Jaws 3-D (1983)": ["Jaws (1975)"], "Die Hard 2 (1990)": ["Die Hard (1988)"]}, "451": {}, "452": {"Sabrina (1995)": ["Sabrina (1954)"], "Home Alone 3 (1997)": ["Home Alone (1990)"]}, "453": {}, "454": {}, "455": {}, "456": {"Dead Man (1995)": ["Dead Man Walking (1995)"], "Three Colors: Red (1994)": ["Three Colors: White (1994)"]}, "457": {"Die Hard 2 (1990)": ["Die Hard (1988)"], "Jaws 3-D (1983)": ["Jaws (1975)"]}, "458": {"Dead Man Walking (1995)": ["Dead Man (1995)"], "Scream 2 (1997)": ["Scream (1996)"]}, "459": {"Jaws (1975)": ["Jaws 3-D (1983)"]}, "460": {}, "461": {}, "462": {}, "463": {"Jaws 3-D (1983)": ["Jaws (1975)"], "Fear (1996)": ["Primal Fear (1996)"]}, "464": {}, "465": {}, "466": {"Godfather: Part II, The (1974)": ["Godfather, The (1972)"]}, "467": {}, "468": {"Dead Man Walking (1995)": ["Dead Man (1995)"]}, "469": {}, "470": {"Dead Man Walking (1995)": ["Dead Man (1995)"]}, "471": {}, "472": {"Home Alone 3 (1997)": ["Home Alone (1990)"], "Jaws (1975)": ["Jaws 3-D (1983)"]}, "473": {}, "474": {"Sabrina (1995)": ["Sabrina (1954)"], "Three Colors: Red (1994)": ["Three Colors: White (1994)"]}, "475": {}, "476": {}, "477": {}, "478": {}, "479": {"Jaws (1975)": ["Jaws 3-D (1983)"]}, "480": {}, "481": {}, "482": {}, "483": {}, "484": {"Home Alone 3 (1997)": ["Home Alone (1990)"]}, "485": {}, "486": {}, "487": {"Godfather: Part II, The (1974)": ["Godfather, The (1972)"]}, "488": {}, "489": {}, "490": {"Dead Man (1995)": ["Dead Man Walking (1995)"]}, "491": {}, "492": {}, "493": {"Jaws (1975)": ["Jaws 3-D (1983)"], "Three Colors: White (1994)": ["Three Colors: Red (1994)"]}, "494": {}, "495": {"Home Alone 3 (1997)": ["Home Alone (1990)"], "Die Hard 2 (1990)": ["Die Hard (1988)"]}, "496": {}, "497": {"Blues Brothers 2000 (1998)": ["Blues Brothers, The (1980)"], "Godfather: Part II, The (1974)": ["Godfather, The (1972)"], "Die Hard 2 (1990)": ["Die Hard (1988)"]}, "498": {"Three Colors: White (1994)": ["Three Colors: Red (1994)"]}, "499": {}, "500": {"Three Colors: Red (1994)": ["Three Colors: White (1994)"]}, "501": {}, "502": {}, "503": {"Sabrina (1995)": ["Sabrina (1954)"]}, "504": {}, "505": {}, "506": {"Blues Brothers 2000 (1998)": ["Blues Brothers, The (1980)"]}, "507": {}, "508": {}, "509": {}, "510": {}, "511": {}, "512": {}, "513": {}, "514": {}, "515": {}, "516": {}, "517": {}, "518": {}, "519": {}, "520": {}, "521": {}, "522": {}, "523": {}, "524": {"Sabrina (1954)": ["Sabrina (1995)"]}, "525": {}, "526": {}, "527": {}, "528": {}, "529": {}, "530": {}, "531": {}, "532": {}, "533": {}, "534": {"Jaws 3-D (1983)": ["Jaws (1975)"]}, "535": {"Three Colors: Red (1994)": ["Three Colors: White (1994)"], "Sabrina (1954)": ["Sabrina (1995)"]}, "536": {}, "537": {"Scream (1996)": ["Screamers (1995)"], "Sabrina (1995)": ["Sabrina (1954)"], "Jaws 3-D (1983)": ["Jaws (1975)"], "Three Colors: Red (1994)": ["Three Colors: White (1994)"], "Kicking and Screaming (1995)": ["Screamers (1995)"]}, "538": {}, "539": {}, "540": {}, "541": {}, "542": {}, "543": {"Three Colors: White (1994)": ["Three Colors: Red (1994)"]}, "544": {}, "545": {}, "546": {}, "547": {}, "548": {}, "549": {}, "550": {}, "551": {"Blues Brothers, The (1980)": ["Blues Brothers 2000 (1998)"], "Jaws 3-D (1983)": ["Jaws (1975)"], "Godfather: Part II, The (1974)": ["Godfather, The (1972)"]}, "552": {}, "553": {}, "554": {"Screamers (1995)": ["Scream (1996)"]}, "555": {}, "556": {}, "557": {}, "558": {}, "559": {}, "560": {}, "561": {"Dead Man Walking (1995)": ["Dead Man (1995)"], "Jaws 3-D (1983)": ["Jaws (1975)"]}, "562": {}, "563": {}, "564": {}, "565": {}, "566": {}, "567": {}, "568": {}, "569": {}, "570": {}, "571": {}, "572": {}, "573": {}, "574": {}, "575": {}, "576": {}, "577": {}, "578": {}, "579": {}, "580": {}, "581": {}, "582": {"Jaws 3-D (1983)": ["Jaws (1975)"]}, "583": {}, "584": {}, "585": {"Three Colors: Red (1994)": ["Three Colors: White (1994)"]}, "586": {}, "587": {}, "588": {}, "589": {}, "590": {}, "591": {}, "592": {"Scream (1996)": ["Scream 2 (1997)"], "Dead Man Walking (1995)": ["Dead Man (1995)"], "Jaws 3-D (1983)": ["Jaws (1975)"], "Three Colors: White (1994)": ["Three Colors: Red (1994)"]}, "593": {}, "594": {}, "595": {"Dead Man (1995)": ["Dead Man Walking (1995)"]}, "596": {}, "597": {}, "598": {}, "599": {}, "600": {}, "601": {}, "602": {}, "603": {}, "604": {}, "605": {}, "606": {"Jaws (1975)": ["Jaws 3-D (1983)"]}, "607": {}, "608": {"Three Colors: Red (1994)": ["Three Colors: White (1994)"]}, "609": {}, "610": {}, "611": {}, "612": {}, "613": {}, "614": {}, "615": {}, "616": {}, "617": {}, "618": {"Scream 2 (1997)": ["Screamers (1995)"]}, "619": {"Blues Brothers, The (1980)": ["Blues Brothers 2000 (1998)"]}, "620": {"Home Alone 3 (1997)": ["Home Alone (1990)"]}, "621": {"Jaws (1975)": ["Jaws 3-D (1983)"]}, "622": {}, "623": {}, "624": {"Jaws (1975)": ["Jaws 3-D (1983)"]}, "625": {}, "626": {}, "627": {}, "628": {}, "629": {}, "630": {}, "631": {}, "632": {}, "633": {}, "634": {}, "635": {}, "636": {}, "637": {}, "638": {"Godfather: Part II, The (1974)": ["Godfather, The (1972)"]}, "639": {"Sabrina (1995)": ["Sabrina (1954)"], "Three Colors: Red (1994)": ["Three Colors: White (1994)"]}, "640": {}, "641": {}, "642": {"Of Love and Shadows (1994)": ["Shadow, The (1994)"], "Mother Night (1996)": ["Big Night (1996)"]}, "643": {}, "644": {}, "645": {"Three Colors: Red (1994)": ["Three Colors: White (1994)"]}, "646": {}, "647": {}, "648": {"Jaws 3-D (1983)": ["Jaws (1975)", "Jaws 2 (1978)"], "Jaws (1975)": ["Jaws 2 (1978)"], "Home Alone 3 (1997)": ["Home Alone (1990)"], "Die Hard 2 (1990)": ["Die Hard (1988)"]}, "649": {}, "650": {"Die Hard 2 (1990)": ["Die Hard (1988)"], "Blues Brothers, The (1980)": ["Blues Brothers 2000 (1998)"]}, "651": {}, "652": {}, "653": {"Godfather: Part II, The (1974)": ["Godfather, The (1972)"], "Die Hard 2 (1990)": ["Die Hard (1988)"]}, "654": {}, "655": {"Scream (1996)": ["Screamers (1995)"], "Phantom, The (1996)": ["Phantoms (1998)"], "Blues Brothers 2000 (1998)": ["Blues Brothers, The (1980)"], "It's My Party (1995)": ["Party Girl (1995)"], "Godfather, The (1972)": ["Godfather: Part II, The (1974)"], "Three Colors: Red (1994)": ["Three Colors: White (1994)"]}, "656": {}, "657": {}, "658": {"Dead Man Walking (1995)": ["Dead Man (1995)"]}, "659": {}, "660": {"Die Hard 2 (1990)": ["Die Hard (1988)"]}, "661": {}, "662": {}, "663": {"Scream (1996)": ["Scream 2 (1997)"], "Jaws 3-D (1983)": ["Jaws (1975)"]}, "664": {}, "665": {}, "666": {}, "667": {}, "668": {}, "669": {}, "670": {}, "671": {"Screamers (1995)": ["Scream 2 (1997)"]}, "672": {}, "673": {}, "674": {}, "675": {}, "676": {}, "677": {}, "678": {}, "679": {}, "680": {}, "681": {}, "682": {"Blues Brothers, The (1980)": ["Blues Brothers 2000 (1998)"], "Home Alone 3 (1997)": ["Home Alone (1990)"], "Jaws (1975)": ["Jaws 3-D (1983)"], "Godfather: Part II, The (1974)": ["Godfather, The (1972)"]}, "683": {}, "684": {"Home Alone 3 (1997)": ["Home Alone (1990)"]}, "685": {}, "686": {}, "687": {}, "688": {}, "689": {}, "690": {}, "691": {}, "692": {}, "693": {}, "694": {}, "695": {}, "696": {}, "697": {"Jaws 3-D (1983)": ["Jaws (1975)"]}, "698": {}, "699": {"Jaws 3-D (1983)": ["Jaws (1975)"], "Devil's Advocate, The (1997)": ["Devil's Own, The (1997)"]}, "700": {}, "701": {}, "702": {}, "703": {}, "704": {}, "705": {}, "706": {}, "707": {"Dead Man Walking (1995)": ["Dead Man (1995)"], "Sabrina (1995)": ["Sabrina (1954)"], "Father of the Bride Part II (1995)": ["Father of the Bride (1950)"], "Kicking and Screaming (1995)": ["Screamers (1995)"]}, "708": {}, "709": {"Blues Brothers, The (1980)": ["Blues Brothers 2000 (1998)"], "Die Hard (1988)": ["Die Hard 2 (1990)"]}, "710": {}, "711": {"Sabrina (1995)": ["Sabrina (1954)"]}, "712": {"Three Colors: White (1994)": ["Three Colors: Red (1994)"]}, "713": {}, "714": {}, "715": {"Jaws 3-D (1983)": ["Jaws (1975)"], "Die Hard (1988)": ["Die Hard 2 (1990)"]}, "716": {"Sabrina (1995)": ["Sabrina (1954)"]}, "717": {"Jaws 3-D (1983)": ["Jaws (1975)"]}, "718": {}, "719": {}, "720": {}, "721": {}, "722": {}, "723": {}, "724": {}, "725": {}, "726": {}, "727": {"Jaws (1975)": ["Jaws 3-D (1983)"], "Blues Brothers 2000 (1998)": ["Blues Brothers, The (1980)"], "Godfather: Part II, The (1974)": ["Godfather, The (1972)"]}, "728": {}, "729": {}, "730": {}, "731": {}, "732": {}, "733": {}, "734": {}, "735": {}, "736": {}, "737": {}, "738": {"Godfather: Part II, The (1974)": ["Godfather, The (1972)"], "Jaws 3-D (1983)": ["Jaws (1975)"]}, "739": {}, "740": {}, "741": {}, "742": {}, "743": {}, "744": {}, "745": {}, "746": {}, "747": {"Dead Man (1995)": ["Dead Man Walking (1995)"]}, "748": {}, "749": {"Die Hard 2 (1990)": ["Die Hard (1988)"]}, "750": {}, "751": {}, "752": {}, "753": {}, "754": {}, "755": {}, "756": {}, "757": {"Jaws (1975)": ["Jaws 3-D (1983)"], "Godfather, The (1972)": ["Godfather: Part II, The (1974)"], "Die Hard 2 (1990)": ["Die Hard (1988)"]}, "758": {"Sling Blade (1996)": ["Some Folks Call It a Sling Blade (1993)"], "Jaws 3-D (1983)": ["Jaws (1975)"]}, "759": {}, "760": {}, "761": {"Jaws (1975)": ["Jaws 3-D (1983)"]}, "762": {}, "763": {"Three Colors: White (1994)": ["Three Colors: Red (1994)"]}, "764": {}, "765": {}, "766": {}, "767": {}, "768": {}, "769": {}, "770": {}, "771": {}, "772": {}, "773": {"Jaws 3-D (1983)": ["Jaws (1975)"]}, "774": {"Twisted (1996)": ["Twister (1996)"]}, "775": {}, "776": {}, "777": {}, "778": {}, "779": {}, "780": {}, "781": {}, "782": {"Devil's Advocate, The (1997)": ["Devil's Own, The (1997)"]}, "783": {}, "784": {}, "785": {}, "786": {}, "787": {}, "788": {"Blues Brothers, The (1980)": ["Blues Brothers 2000 (1998)"]}, "789": {}, "790": {"Die Hard 2 (1990)": ["Die Hard (1988)"]}, "791": {}, "792": {}, "793": {}, "794": {}, "795": {}, "796": {"Sabrina (1995)": ["Sabrina (1954)"], "Die Hard 2 (1990)": ["Die Hard (1988)"]}, "797": {}, "798": {"Shadow, The (1994)": ["Of Love and Shadows (1994)"], "Home Alone 3 (1997)": ["Home Alone (1990)"]}, "799": {}, "800": {}, "801": {}, "802": {}, "803": {}, "804": {"Godfather, The (1972)": ["Godfather: Part II, The (1974)"], "Blues Brothers, The (1980)": ["Blues Brothers 2000 (1998)"], "Die Hard 2 (1990)": ["Die Hard (1988)"], "Jaws 3-D (1983)": ["Jaws (1975)"]}, "805": {"Jaws 3-D (1983)": ["Jaws (1975)"], "Dead Man Walking (1995)": ["Dead Man (1995)"]}, "806": {"Godfather: Part II, The (1974)": ["Godfather, The (1972)"]}, "807": {}, "808": {}, "809": {}, "810": {}, "811": {}, "812": {}, "813": {}, "814": {}, "815": {}, "816": {}, "817": {}, "818": {}, "819": {}, "820": {}, "821": {}, "822": {}, "823": {"Godfather: Part II, The (1974)": ["Godfather, The (1972)"]}, "824": {}, "825": {"Jaws (1975)": ["Jaws 3-D (1983)"], "Scream 2 (1997)": ["Scream (1996)"]}, "826": {}, "827": {}, "828": {"Three Colors: Red (1994)": ["Three Colors: White (1994)"]}, "829": {}, "830": {}, "831": {}, "832": {}, "833": {"Jaws (1975)": ["Jaws 3-D (1983)"], "Godfather, The (1972)": ["Godfather: Part II, The (1974)"]}, "834": {}, "835": {}, "836": {}, "837": {}, "838": {"Jaws 3-D (1983)": ["Jaws (1975)"]}, "839": {"Jaws 3-D (1983)": ["Jaws (1975)"]}, "840": {}, "841": {}, "842": {}, "843": {"Die Hard (1988)": ["Die Hard 2 (1990)"]}, "844": {}, "845": {}, "846": {"Scream (1996)": ["Screamers (1995)"], "Three Colors: White (1994)": ["Three Colors: Red (1994)"]}, "847": {"Jaws 3-D (1983)": ["Jaws (1975)"]}, "848": {}, "849": {}, "850": {}, "851": {}, "852": {}, "853": {}, "854": {"Scream (1996)": ["Scream 2 (1997)"], "Jaws 3-D (1983)": ["Jaws (1975)"], "Sabrina (1954)": ["Sabrina (1995)"]}, "855": {}, "856": {}, "857": {}, "858": {}, "859": {}, "860": {}, "861": {}, "862": {"Three Colors: White (1994)": ["Three Colors: Red (1994)"]}, "863": {}, "864": {"Godfather, The (1972)": ["Godfather: Part II, The (1974)"], "Die Hard 2 (1990)": ["Die Hard (1988)"]}, "865": {}, "866": {}, "867": {}, "868": {"Godfather: Part II, The (1974)": ["Godfather, The (1972)"], "Three Colors: Red (1994)": ["Three Colors: White (1994)"], "Die Hard (1988)": ["Die Hard 2 (1990)"]}, "869": {}, "870": {"Scream (1996)": ["Screamers (1995)"], "Dead Man Walking (1995)": ["Dead Man (1995)"]}, "871": {}, "872": {}, "873": {}, "874": {}, "875": {}, "876": {}, "877": {"Three Colors: Red (1994)": ["Three Colors: White (1994)"]}, "878": {}, "879": {}, "880": {"Blues Brothers 2000 (1998)": ["Blues Brothers, The (1980)"], "Godfather, The (1972)": ["Godfather: Part II, The (1974)"]}, "881": {"Home Alone 3 (1997)": ["Home Alone (1990)"]}, "882": {"Jaws 3-D (1983)": ["Jaws (1975)"]}, "883": {"Scream (1996)": ["Screamers (1995)"], "Three Colors: Red (1994)": ["Three Colors: White (1994)"], "Kicking and Screaming (1995)": ["Screamers (1995)"], "Dead Man Walking (1995)": ["Dead Man (1995)"]}, "884": {}, "885": {}, "886": {"Godfather: Part II, The (1974)": ["Godfather, The (1972)"]}, "887": {"Jaws (1975)": ["Jaws 3-D (1983)"]}, "888": {}, "889": {"Dead Man Walking (1995)": ["Dead Man (1995)"], "Jaws 3-D (1983)": ["Jaws (1975)"], "Godfather, The (1972)": ["Godfather: Part II, The (1974)"]}, "890": {}, "891": {}, "892": {}, "893": {}, "894": {"Three Colors: Red (1994)": ["Three Colors: White (1994)"]}, "895": {}, "896": {"Dead Man Walking (1995)": ["Dead Man (1995)"], "Godfather: Part II, The (1974)": ["Godfather, The (1972)"], "Jaws 3-D (1983)": ["Jaws (1975)"], "Die Hard (1988)": ["Die Hard 2 (1990)"]}, "897": {"Jaws (1975)": ["Jaws 3-D (1983)"]}, "898": {}, "899": {}, "900": {}, "901": {}, "902": {}, "903": {"Three Colors: White (1994)": ["Three Colors: Red (1994)"]}, "904": {}, "905": {}, "906": {}, "907": {}, "908": {}, "909": {}, "910": {}, "911": {}, "912": {}, "913": {}, "914": {}, "915": {}, "916": {"Fear (1996)": ["Primal Fear (1996)"]}, "917": {}, "918": {"Sabrina (1995)": ["Sabrina (1954)"]}, "919": {}, "920": {}, "921": {}, "922": {"Die Hard 2 (1990)": ["Die Hard (1988)"], "Jaws 3-D (1983)": ["Jaws (1975)"]}, "923": {}, "924": {}, "925": {}, "926": {}, "927": {"Mother Night (1996)": ["Big Night (1996)"]}, "928": {}, "929": {}, "930": {"Jaws 3-D (1983)": ["Jaws (1975)"]}, "931": {}, "932": {}, "933": {"Young Guns II (1990)": ["Young Guns (1988)"]}, "934": {}, "935": {}, "936": {"Dead Man Walking (1995)": ["Dead Man (1995)"], "Jaws (1975)": ["Jaws 3-D (1983)"]}, "937": {}, "938": {}, "939": {}, "940": {}, "941": {}, "942": {}, "943": {}}